Country(iso=BE, name=Belgium, capital=Brussels)
Country(iso=ZA, name=Africa, capital=Cape Town)
Country(iso=BE, name=Belgium, capital=Brussels)
Country(iso=ZA, name=Africa, capital=Cape Town)
Country(iso=BE, name=Belgium, capital=Brussels)
Country(iso=ZA, name=Africa, capital=Cape Town)
Country(iso=BE, name=Belgium, capital=Brussels)
Country(iso=ZA, name=Africa, capital=Cape Town)
Country(iso=BE, name=Belgium, capital=Brussels)
Country(iso=ZA, name=Africa, capital=Cape Town)
Country(iso=BE, name=Belgium, capital=Brussels)
Country(iso=ZA, name=Africa, capital=Cape Town)
Country(iso=BE, name=Belgium, capital=Brussels)
Country(iso=ZA, name=Africa, capital=Cape Town)
Country(iso=BE, name=Belgium, capital=Brussels)
Country(iso=ZA, name=Africa, capital=Cape Town)
Country(iso=BE, name=Belgium, capital=Brussels)
Country(iso=ZA, name=Africa, capital=Cape Town)
Country(iso=BE, name=Belgium, capital=Brussels)
Country(iso=ZA, name=Africa, capital=Cape Town)
Country(iso=BE, name=Belgium, capital=Brussels)
Country(iso=ZA, name=Africa, capital=Cape Town)
Country(iso=BE, name=Belgium, capital=Brussels)
Country(iso=ZA, name=Africa, capital=Cape Town)
Country(iso=BE, name=Belgium, capital=Brussels)
Country(iso=ZA, name=Africa, capital=Cape Town)
Country(iso=BE, name=Belgium, capital=Brussels)
Country(iso=ZA, name=Africa, capital=Cape Town)
Country(iso=BE, name=Belgium, capital=Brussels)
Country(iso=ZA, name=Africa, capital=Cape Town)
Country(iso=BE, name=Belgium, capital=Brussels)
Country(iso=ZA, name=Africa, capital=Cape Town)
Country(iso=BE, name=Belgium, capital=Brussels)
Country(iso=ZA, name=Africa, capital=Cape Town)
Country(iso=BE, name=Belgium, capital=Brussels)
Country(iso=ZA, name=Africa, capital=Cape Town)
Country(iso=BE, name=Belgium, capital=Brussels)
Country(iso=ZA, name=Africa, capital=Cape Town)
Country(iso=BE, name=Belgium, capital=Brussels)
Country(iso=ZA, name=Africa, capital=Cape Town)
Country(iso=BE, name=Belgium, capital=Brussels)
Country(iso=ZA, name=Africa, capital=Cape Town)
Country(iso=PL, name=Africa, capital=Warsaw)
Country(iso=XB, name=Mylands, capital=Amsterdam)
Country(iso=XB, name=Mylands, capital=Amsterdam)
Country(iso=XB, name=Mylands, capital=Amsterdam)
Country(iso=BE, name=Mylands, capital=Brussels)
Country(iso=BE, name=Mylands, capital=Brussels)
Country(iso=BE, name=Mylands, capital=Brussels)
Country(iso=BE, name=Mylands, capital=Brussels)
Country(iso=JP, name=Mylands, capital=Tokyo)
Country(iso=JP, name=Mylands, capital=Tokyo)
Country(iso=JP, name=Mylands, capital=Tokyo)
Country(iso=JP, name=Mylands, capital=Tokyo)
Country(iso=JP, name=Mylands, capital=Tokyo)
Country(iso=JP, name=Mylands, capital=Tokyo)
Country(iso=JP, name=Mylands, capital=Tokyo)
Country(iso=JP, name=Mylands, capital=Tokyo)
Country(iso=JP, name=Mylands, capital=Tokyo)
Country(iso=JP, name=Mylands, capital=Tokyo)
Country(iso=JP, name=Mylands, capital=Tokyo)
Country(iso=JP, name=Mylands, capital=Tokyo)
Country(iso=JP, name=Mylands, capital=Tokyo)
Country(iso=JP, name=Mylands, capital=Tokyo)
Country(iso=JP, name=Mylands, capital=Tokyo)
Country(iso=JP, name=Mylands, capital=Tokyo)
Country(iso=JP, name=Mylands, capital=Tokyo)
Country(iso=JP, name=Mylands, capital=Tokyo)
Country(iso=JP, name=Mylands, capital=Amsterdam)
Country(iso=BE, name=Belgium, capital=Brussels)
